{"data": [{"id": 438801461, "size": 32558338, "ext": "flac", "bitrate": 1053, "md5": "640732dcc9428eadbb0daf4fef7f94a2"}, {"id": 448520447, "size": 22698770, "ext": "flac", "bitrate": 1075, "md5": "3f031b878a29f76b48b6bc3c677cc1d2"}, {"id": 448518392, "size": 25462693, "ext": "flac", "bitrate": 1071, "md5": "a28ca203e56a8afc8dbd99ebe49911c6"}, {"id": 448520445, "size": 28131450, "ext": "flac", "bitrate": 1065, "md5": "de93cbcae3c0bcd7587b507a7f4b3e66"}, {"id": 448518393, "size": 32486737, "ext": "flac", "bitrate": 1017, "md5": "20fc3dd6b331f89f6a059dd12fa17e06"}]}