{"data": [{"id": 109027, "size": 23927848, "ext": "flac", "bitrate": 837, "md5": "59e793e2e2f14f6ce2882bad6b9b4c3b"}, {"id": 1955947516, "size": 32674530, "ext": "flac", "bitrate": 849, "md5": "68424864e5fb32ef8c0555ec923c4b2e"}, {"id": 518904283, "size": 32674550, "ext": "flac", "bitrate": 849, "md5": "5ed83cb11f27196869dc8c0e023b495d"}, {"id": 108656, "size": 32590241, "ext": "flac", "bitrate": 889, "md5": "1af8bd43351881ee46f0e02365fb5f45"}, {"id": 108551, "size": 29667426, "ext": "flac", "bitrate": 826, "md5": "4b8b92d42ae221adf9ab064256c273e1"}, {"id": 108535, "size": 33854923, "ext": "flac", "bitrate": 994, "md5": "a6536753e4d884c4ad8c9163cdd8e013"}, {"id": 108518, "size": 32355035, "ext": "flac", "bitrate": 847, "md5": "615e6de0e1f5dbd5c4ea0f7e5c630491"}, {"id": 108158, "size": 27426306, "ext": "flac", "bitrate": 964, "md5": "cdd076e92c248e1796a0b8a6b5653683"}, {"id": 108129, "size": 28407140, "ext": "flac", "bitrate": 875, "md5": "f7c0052fb678ce57a5b1b5b374ba5e41"}, {"id": 5239018, "size": 26126901, "ext": "flac", "bitrate": 867, "md5": "f7590fad72cef29ca382eefcb36f838b"}, {"id": 5285070, "size": 47277704, "ext": "flac", "bitrate": 1569, "md5": "89156be4c2df6b672ffb487b4778defb"}, {"id": 327414, "size": 37029863, "ext": "flac", "bitrate": 780, "md5": "2203044a7bb2e2e74f3f8acd27c18be8"}]}