{"data": [{"id": 139808, "size": 45452256, "ext": "flac", "bitrate": 1772, "md5": "d2df5b5dd951323296afb1203cfd0f3e"}, {"id": 327239, "size": 20245324, "ext": "flac", "bitrate": 721, "md5": "6184fcb04987374265cd5dd40ea97b5d"}, {"id": 327235, "size": 25825628, "ext": "flac", "bitrate": 789, "md5": "e7db284cc3ea1dc90bb08c3f91bcfbe9"}, {"id": 327232, "size": 28407430, "ext": "flac", "bitrate": 957, "md5": "4409c3b9c0cabd2d6954cf72a2028e9f"}, {"id": 327229, "size": 29997453, "ext": "flac", "bitrate": 872, "md5": "9c3914e944e48ba7fd12c09e3e54e6a0"}, {"id": 327227, "size": 25840103, "ext": "flac", "bitrate": 834, "md5": "1e30b95240aa97da978ca43935a18bf6"}, {"id": 327224, "size": 30582934, "ext": "flac", "bitrate": 957, "md5": "b26ab1d0588d09457588a10adb6ce55c"}, {"id": 327220, "size": 32825430, "ext": "flac", "bitrate": 910, "md5": "fc38d16b2b97c1bc3bf4ce6b192e6966"}, {"id": 327213, "size": 28953728, "ext": "flac", "bitrate": 888, "md5": "f1ddbae9e6609b7f785d77a475bd447d"}, {"id": 327212, "size": 25244497, "ext": "flac", "bitrate": 895, "md5": "c33c139f25d1a033be847cb890c0ac99"}, {"id": 327208, "size": 27245868, "ext": "flac", "bitrate": 881, "md5": "609b74b72078f2556d3fdfbf615a2f96"}, {"id": 327204, "size": 20226682, "ext": "flac", "bitrate": 768, "md5": "2093e677bf55aca5051578c030a8ab03"}, {"id": 327193, "size": 21180359, "ext": "flac", "bitrate": 974, "md5": "8b9bfcb98318170508ec71ac8dec2c04"}, {"id": 327190, "size": 25906335, "ext": "flac", "bitrate": 987, "md5": "a945b7853486a64ca1423d3078494432"}, {"id": 327188, "size": 28937492, "ext": "flac", "bitrate": 990, "md5": "929a73db8a3218659dfc3b4dee7673ef"}, {"id": 327183, "size": 26522302, "ext": "flac", "bitrate": 837, "md5": "3b3bfeb57b987529524c3e90ca5c046f"}, {"id": 327178, "size": 31322179, "ext": "flac", "bitrate": 921, "md5": "59af03599763569c21d7162120a05ac8"}, {"id": 327174, "size": 30860803, "ext": "flac", "bitrate": 893, "md5": "60d8f22a638283599b4b1092176077ea"}, {"id": 327170, "size": 25910604, "ext": "flac", "bitrate": 878, "md5": "fd6a49fd727e75968f55d0bf6dd465a4"}, {"id": 327167, "size": 28621206, "ext": "flac", "bitrate": 948, "md5": "b3727837eb24ce56329035ec4cef1b40"}, {"id": 327164, "size": 36795411, "ext": "flac", "bitrate": 1012, "md5": "6cf646cea07a957876b7c20bcce210bd"}, {"id": 327157, "size": 32315749, "ext": "flac", "bitrate": 998, "md5": "b1cb962ce009ca1bd698a731b00c570e"}, {"id": 327154, "size": 27701279, "ext": "flac", "bitrate": 996, "md5": "5da6bbb03ca191eb2eb6e8b121e7cdd7"}, {"id": 327142, "size": 24039170, "ext": "flac", "bitrate": 874, "md5": "5e06559b83c04a2dadc72862772f6e63"}, {"id": 327139, "size": 24816189, "ext": "flac", "bitrate": 994, "md5": "edeb3be06a78bc17855a61904bad28ca"}, {"id": 327135, "size": 31727878, "ext": "flac", "bitrate": 919, "md5": "9939bbf66937b1dd76cdc7f5f85decd8"}, {"id": 327131, "size": 30863678, "ext": "flac", "bitrate": 944, "md5": "3dde073bd3dab773c26f984e6bef9557"}, {"id": 327127, "size": 29124931, "ext": "flac", "bitrate": 1045, "md5": "33aa5940095fb7558d15b848c4a0e590"}, {"id": 327125, "size": 30128485, "ext": "flac", "bitrate": 994, "md5": "c0d8b7880bd9ff8c4efb7ded032ee1c2"}, {"id": 327123, "size": 22696734, "ext": "flac", "bitrate": 868, "md5": "cbcc82585e7dce249d070970c4ae405b"}, {"id": 327121, "size": 29862455, "ext": "flac", "bitrate": 880, "md5": "efb86a65b275bca1d336e764782374b6"}, {"id": 327119, "size": 22227063, "ext": "flac", "bitrate": 1015, "md5": "dc703f98df8540bcd73dc0413184a2c9"}, {"id": 327116, "size": 28152965, "ext": "flac", "bitrate": 961, "md5": "f10f534f1f045f954ffc7a1775d2ebd2"}, {"id": 327115, "size": 24696275, "ext": "flac", "bitrate": 882, "md5": "09d7c1d21c32ac645a069b0fb5dad2b1"}, {"id": 327111, "size": 24965912, "ext": "flac", "bitrate": 974, "md5": "61968ce124a18607e8dd2f2da3dbd9be"}, {"id": 327107, "size": 25624819, "ext": "flac", "bitrate": 1017, "md5": "64f81c212cd8dbb1b5583b63c4c43113"}, {"id": 327105, "size": 30120842, "ext": "flac", "bitrate": 908, "md5": "b4c99e492a63d82a356ee16d63a727f5"}, {"id": 327103, "size": 26391088, "ext": "flac", "bitrate": 871, "md5": "4a6d4e850a8bd94d806683da5c94b5cc"}, {"id": 327101, "size": 29692247, "ext": "flac", "bitrate": 985, "md5": "cb47c32a8ece8eb804a35f35e53f47dc"}, {"id": 327097, "size": 19597775, "ext": "flac", "bitrate": 981, "md5": "a2fda6cbe97dc92047421bdb0ffef001"}, {"id": 327095, "size": 28959760, "ext": "flac", "bitrate": 979, "md5": "c7f39716754a9e8fc18a74708e70370a"}, {"id": 327093, "size": 31620093, "ext": "flac", "bitrate": 988, "md5": "5f5123b172d4873a965dad05265703e8"}, {"id": 327092, "size": 24124631, "ext": "flac", "bitrate": 940, "md5": "80e55b51c8da152488a361dbacecee9f"}, {"id": 327090, "size": 25500557, "ext": "flac", "bitrate": 941, "md5": "52c9d8bdca215345dbfe35a796188b6f"}, {"id": 327082, "size": 28605610, "ext": "flac", "bitrate": 921, "md5": "e80385a288e0c7127220bfbd5f0f02a3"}, {"id": 327009, "size": 15356695, "ext": "flac", "bitrate": 772, "md5": "731d75ea86e02baee98b1b7fc70f8536"}, {"id": 327006, "size": 24615411, "ext": "flac", "bitrate": 1055, "md5": "5a7e24719d286f24d9d27f010c353cb8"}, {"id": 327005, "size": 31991684, "ext": "flac", "bitrate": 981, "md5": "446085a251f7b68ccdf6cf9e6b570517"}, {"id": 327002, "size": 34103358, "ext": "flac", "bitrate": 874, "md5": "f5dc9807d2fa684241613839374a61ea"}, {"id": 327000, "size": 29413923, "ext": "flac", "bitrate": 981, "md5": "cec6b0531aa3aea6bec4f83d9fe4c142"}, {"id": 326998, "size": 25426623, "ext": "flac", "bitrate": 916, "md5": "0d119cef7074d2223e80c0a640da3ac4"}, {"id": 326996, "size": 28078304, "ext": "flac", "bitrate": 1025, "md5": "6dd37f02d74092f47d617a183a51acea"}, {"id": 326993, "size": 31935273, "ext": "flac", "bitrate": 898, "md5": "620cb45ec11ed0d1d4aa74f09dc14b2f"}, {"id": 326990, "size": 30799374, "ext": "flac", "bitrate": 967, "md5": "f2edd295f0b2043cfc36d1f77574f7c4"}, {"id": 326987, "size": 32506410, "ext": "flac", "bitrate": 941, "md5": "7477c71a13487cd20670fa2bcbd10a10"}, {"id": 326984, "size": 25862045, "ext": "flac", "bitrate": 1012, "md5": "24ed7af6bdd8d12319a16761b5a5b0c5"}, {"id": 229289, "size": 32777446, "ext": "flac", "bitrate": 969, "md5": "1f3198eb7706d6fb303f9cd17f98706d"}, {"id": 326960, "size": 19664493, "ext": "flac", "bitrate": 871, "md5": "c230987fbd16f8c3f6d441ac959007fd"}, {"id": 326957, "size": 34948994, "ext": "flac", "bitrate": 1082, "md5": "1451409d1f7bea0fc49cc219884b26cf"}, {"id": 326954, "size": 25312344, "ext": "flac", "bitrate": 938, "md5": "083e1a1d1f8118eef5eb0e17799c0f32"}, {"id": 326951, "size": 35287176, "ext": "flac", "bitrate": 962, "md5": "71fbba0e8f6ed965a670429ddae96f26"}, {"id": 326948, "size": 31913779, "ext": "flac", "bitrate": 909, "md5": "e4bafba0c90a64bf11bf8112066fe998"}, {"id": 326946, "size": 29406074, "ext": "flac", "bitrate": 1041, "md5": "beadd357ba17e8af657833b8d6114a65"}, {"id": 326944, "size": 23889414, "ext": "flac", "bitrate": 927, "md5": "9509d0b8bef9de6e5eef3eb1aa795242"}, {"id": 326942, "size": 29369597, "ext": "flac", "bitrate": 950, "md5": "8da4f384a625064f9d409aa711b56992"}, {"id": 326940, "size": 30288912, "ext": "flac", "bitrate": 932, "md5": "904c251c80df3937d2899d6b75fe8307"}, {"id": 326938, "size": 31380688, "ext": "flac", "bitrate": 989, "md5": "95042f677868cd2ec603ebb67781d4e3"}, {"id": 326924, "size": 31356046, "ext": "flac", "bitrate": 940, "md5": "669aad8f8e1bb523135900ca99acf455"}, {"id": 25640417, "size": 32274433, "ext": "flac", "bitrate": 945, "md5": "5284e11355b40a6b8c91d78f89f0b08d"}, {"id": 25640416, "size": 23746056, "ext": "flac", "bitrate": 945, "md5": "0caa137a01d39451a914fd3b178e6a41"}, {"id": 25640415, "size": 30405769, "ext": "flac", "bitrate": 1092, "md5": "0eb865fae37966ce774818fb71cdbe8a"}, {"id": 25640413, "size": 21253866, "ext": "flac", "bitrate": 743, "md5": "ae732db2ec8160d15ad5d7fba174dabe"}, {"id": 25640412, "size": 30089822, "ext": "flac", "bitrate": 845, "md5": "d27ede5d7ee9a515624c082b04dbd22f"}, {"id": 25640411, "size": 31223204, "ext": "flac", "bitrate": 1093, "md5": "d55d6995e0a03e9ff3603d202999e676"}, {"id": 25640410, "size": 30608458, "ext": "flac", "bitrate": 861, "md5": "de64cb89517a4284f316aef86ad50d81"}, {"id": 25640409, "size": 22907807, "ext": "flac", "bitrate": 849, "md5": "a6534aaca6189ae4279e85cd31f9ae20"}, {"id": 25640395, "size": 25635074, "ext": "flac", "bitrate": 817, "md5": "4c5d8c3df3e42a70c2ea84959d58fd41"}, {"id": 25640392, "size": 25908774, "ext": "flac", "bitrate": 1012, "md5": "3d9e7ccb9e3ec92d6a8111a032187e72"}, {"id": 25640388, "size": 29152449, "ext": "flac", "bitrate": 1085, "md5": "8e7457ac03afed0ee15f59a8762a6831"}, {"id": 1430303856, "size": 24159518, "ext": "flac", "bitrate": 881, "md5": "c57158b4d4aafe6d1b0454fbb664920c"}, {"id": 422104212, "size": 23543552, "ext": "flac", "bitrate": 726, "md5": "c2e205bd4d60f5983b849a6293ae29c6"}, {"id": 422132011, "size": 24117962, "ext": "flac", "bitrate": 880, "md5": "905f769a1a6113c680d2e2e807b75288"}, {"id": 422132010, "size": 59288347, "ext": "flac", "bitrate": 1554, "md5": "6cb102e2df64a3501a9d3c647c04bbc7"}, {"id": 421808009, "size": 43125580, "ext": "flac", "bitrate": 1713, "md5": "cbf587ebadfcf96042fcd276f3b86300"}, {"id": 421808008, "size": 40642780, "ext": "flac", "bitrate": 1689, "md5": "e9de9b36c0658b8f19948bbbddecbb84"}, {"id": 421808007, "size": 51403541, "ext": "flac", "bitrate": 1700, "md5": "c4bb389ee8aafcf6b93b1b8074dfc380"}, {"id": 421808006, "size": 48102877, "ext": "flac", "bitrate": 1716, "md5": "6cfc1efa615b56ae924a39cd140b8b35"}, {"id": 421808005, "size": 55445642, "ext": "flac", "bitrate": 1608, "md5": "36ea4bee48b97de95eb066bda652be65"}, {"id": 419594010, "size": 27183872, "ext": "flac", "bitrate": 905, "md5": "0e77242324506d48bab542ad942f946f"}, {"id": 421808003, "size": 51862440, "ext": "flac", "bitrate": 1687, "md5": "52d94976b4cd52525039387257ab9368"}, {"id": 421160957, "size": 44931657, "ext": "flac", "bitrate": 1556, "md5": "72e29bba69892a403f7f555483fe76fb"}, {"id": 516321222, "size": 26055719, "ext": "flac", "bitrate": 881, "md5": "e39083addb24246971bf9b283882ff0e"}, {"id": 534509967, "size": 35226718, "ext": "flac", "bitrate": 920, "md5": "8a6953265926baa1d152a00c2b3cf751"}, {"id": 1311345324, "size": 23159384, "ext": "flac", "bitrate": 803, "md5": "596835fb7e3f85ac999e5fd38c9203e8"}, {"id": 1338146146, "size": 25246677, "ext": "flac", "bitrate": 833, "md5": "3e8a965169cc585851b7e9adc3d5f018"}, {"id": 1393333733, "size": 24381721, "ext": "flac", "bitrate": 966, "md5": "13ebc845eff1e40cdc7fc916e21ec8f0"}, {"id": 1450709807, "size": 23867617, "ext": "flac", "bitrate": 903, "md5": "2ec376086ea0a69a83781c104e643cae"}, {"id": 1482910937, "size": 42864815, "ext": "flac", "bitrate": 1502, "md5": "d3d187a49f0b914157913c8bd9dc46b2"}, {"id": 1486051451, "size": 27945634, "ext": "flac", "bitrate": 874, "md5": "3a873331f4ac0c02f7e8279e84cf88a8"}, {"id": 1846529738, "size": 22390683, "ext": "flac", "bitrate": 840, "md5": "fcd584e8d5dcef545af46638dcb9a87e"}, {"id": 1830463835, "size": 23965131, "ext": "flac", "bitrate": 990, "md5": "8ccb01d857c27782b7735463c8ebc3a4"}, {"id": 1865090327, "size": 30220025, "ext": "flac", "bitrate": 1031, "md5": "095ceeeab96994c90117af7e4177d8a4"}, {"id": 1964033973, "size": 20822181, "ext": "flac", "bitrate": 887, "md5": "309cc203b2bed0a1bb30d49af458fa95"}, {"id": 1964033318, "size": 25106095, "ext": "flac", "bitrate": 999, "md5": "ee1dcfe9b7c126ee155df4aa32afe9a0"}, {"id": 1943043408, "size": 27384576, "ext": "flac", "bitrate": 880, "md5": "d3ec6362267383fd22bde5acddad13c5"}, {"id": 1964033330, "size": 20117048, "ext": "flac", "bitrate": 892, "md5": "56c2d86f3c24c154f19315bb8fb4cdc7"}, {"id": 375282, "size": 57651798, "ext": "flac", "bitrate": 1739, "md5": "4c3458de166022cbc0e3ab81501b325f"}, {"id": 28592862, "size": 61434909, "ext": "flac", "bitrate": 1748, "md5": "81ba3d175df6cbe67ebedb5232276539"}, {"id": 108257, "size": 43564132, "ext": "flac", "bitrate": 1749, "md5": "cea9553ce81aef75c335c5f6fe28bbd0"}, {"id": 1941704807, "size": 26164463, "ext": "flac", "bitrate": 916, "md5": "8b8c538c7f358448622a1d3cbd5d9d79"}, {"id": 399342514, "size": 24158313, "ext": "flac", "bitrate": 881, "md5": "84061ca9593f9233d7b3d142a812ca4f"}, {"id": 535028010, "size": 77153489, "ext": "flac", "bitrate": 1623, "md5": "b540cda062e323b84c38c83c98852989"}, {"id": 327215, "size": 29188169, "ext": "flac", "bitrate": 909, "md5": "e96926639fdfa801cd315df2e49b24b9"}, {"id": 399954126, "size": 29797388, "ext": "flac", "bitrate": 835, "md5": "d064765c6399fb430a5a9ac76fc79db4"}, {"id": 327073, "size": 50428227, "ext": "flac", "bitrate": 1016, "md5": "c6a25d91eb30cc826d2b66462eb75c28"}, {"id": 503206130, "size": 58019499, "ext": "flac", "bitrate": 1817, "md5": "6848bfd54da93d925df5a17aa678d719"}, {"id": 326915, "size": 29241028, "ext": "flac", "bitrate": 977, "md5": "e81a5bc2c4a4fa112c5bcd88939ac725"}, {"id": 536937392, "size": 65287531, "ext": "flac", "bitrate": 1595, "md5": "10a65361e753de38d9a3d0a9ece20a7b"}, {"id": 1408985513, "size": 52821128, "ext": "flac", "bitrate": 1560, "md5": "757778f288a280b9945f53e4d444cfd8"}, {"id": 327027, "size": 32673618, "ext": "flac", "bitrate": 937, "md5": "26ffd8023f5d666646dbc6e934790955"}, {"id": 4877039, "size": 19932467, "ext": "flac", "bitrate": 701, "md5": "1cd71e3f709b8574f18bc4b26c9fb611"}, {"id": 327071, "size": 32439264, "ext": "flac", "bitrate": 1036, "md5": "56a3202b7119dc43202f3091274541e2"}, {"id": 529823399, "size": 49190196, "ext": "flac", "bitrate": 1612, "md5": "93f3a69db49f1be42f8c596b25ccea68"}, {"id": 537854716, "size": 66982087, "ext": "flac", "bitrate": 1717, "md5": "c4556f5c15a665731ac1d2668bd962c5"}, {"id": 4874456, "size": 27394077, "ext": "flac", "bitrate": 899, "md5": "87cc0b6af94331b4033ab96dfb7c2842"}, {"id": 1342798235, "size": 56703867, "ext": "flac", "bitrate": 1723, "md5": "da83fcfb229041de68eaed33bbc04e78"}, {"id": 545799110, "size": 59972645, "ext": "flac", "bitrate": 1801, "md5": "0e433f758fec799ef45acc3366f8f4a2"}, {"id": 1408985388, "size": 51797558, "ext": "flac", "bitrate": 1698, "md5": "60b2005b58cb0370651d273508f8e57e"}, {"id": 327161, "size": 32176005, "ext": "flac", "bitrate": 929, "md5": "f65a06a1e2562408f189098556eeb930"}, {"id": 36841952, "size": 56409946, "ext": "flac", "bitrate": 1635, "md5": "262c9dce690ca7d38752c863df013da7"}, {"id": 5244269, "size": 32697646, "ext": "flac", "bitrate": 946, "md5": "41b4f02dae58dfc7da306293cc1316c2"}, {"id": 530057161, "size": 59237613, "ext": "flac", "bitrate": 1677, "md5": "205fe3e2f83b9a0740493fd51f6022fb"}, {"id": 1830688947, "size": 47858329, "ext": "flac", "bitrate": 1537, "md5": "2c581d332c359e4c54c28156f63bdd9d"}, {"id": 1408985488, "size": 54374427, "ext": "flac", "bitrate": 1674, "md5": "04fdf555797339681bcb94f2a9caf599"}, {"id": 5250820, "size": 24190543, "ext": "flac", "bitrate": 872, "md5": "d231b9e76424727e2597182e64422c4d"}, {"id": 5239884, "size": 30806389, "ext": "flac", "bitrate": 942, "md5": "cf0109fdcf84987d809ad8153ce34f3e"}, {"id": 36841951, "size": 26358792, "ext": "flac", "bitrate": 1794, "md5": "fcd0012ed048a3a62166bd1536ab1dea"}, {"id": 36871866, "size": 26414934, "ext": "flac", "bitrate": 958, "md5": "53eee2719a36b8147c84785cdc461770"}, {"id": 4877040, "size": 25905073, "ext": "flac", "bitrate": 795, "md5": "fead9790b4422f139c7afb11c2bf3c03"}, {"id": 1408983926, "size": 50960600, "ext": "flac", "bitrate": 1784, "md5": "14890a045bc59aca8c7e1ae34260afd6"}, {"id": 36841953, "size": 60558413, "ext": "flac", "bitrate": 1747, "md5": "448a07df3aff6573e35a130fcdadf9a2"}, {"id": 400075195, "size": 26142409, "ext": "flac", "bitrate": 916, "md5": "2efe773a560a7387a9fcc979d793d864"}, {"id": 229372, "size": 26147451, "ext": "flac", "bitrate": 916, "md5": "11fe2e66c6ba22101310c6e32910ea86"}, {"id": 531786028, "size": 68305483, "ext": "flac", "bitrate": 1701, "md5": "88e375f32cb204023ac83982f231b5e1"}, {"id": 1893256773, "size": 27270705, "ext": "flac", "bitrate": 1063, "md5": "7b7ae6efa9e92d4bf8f1e1acf6f9b3de"}, {"id": 428642128, "size": 28948265, "ext": "flac", "bitrate": 967, "md5": "33076747c91b930c4bf1c012df6b3590"}]}