{"data": [{"id": 185857, "size": 11233527, "ext": "flac", "bitrate": 791, "md5": "2bbae04d43535454b15ae146ab76e5fb"}, {"id": 185855, "size": 18829244, "ext": "flac", "bitrate": 758, "md5": "f34d4cf09d16dc65cf0c8f7ae6bb4c7f"}, {"id": 185850, "size": 8794088, "ext": "flac", "bitrate": 824, "md5": "050d78916f2b03267a62a834b52ac345"}, {"id": 185838, "size": 6693064, "ext": "flac", "bitrate": 604, "md5": "e99a489d4738dec1bd098fa2d59fa538"}, {"id": 185827, "size": 11307678, "ext": "flac", "bitrate": 611, "md5": "d66f70b3f10020f83d445b380388016a"}]}