{"data": [{"id": 287820, "size": 29778494, "ext": "flac", "bitrate": 971, "md5": "ac80379569f9d797ebffea52098184ad"}, {"id": 382332, "size": 26395771, "ext": "flac", "bitrate": 938, "md5": "f85a20ece7cdcc5869856523447739ea"}, {"id": 382840, "size": 22685114, "ext": "flac", "bitrate": 788, "md5": "3c3aaeec188c00d06d1ddbffc0a29b09"}, {"id": 382328, "size": 9840892, "ext": "mp3", "bitrate": 321, "md5": "0aba207b97ac76ae3feb96c87885b2d9"}, {"id": 383668, "size": 26614544, "ext": "flac", "bitrate": 892, "md5": "d26fc6e2a67c45f7d52e159568eeb16b"}, {"id": 383667, "size": 8916157, "ext": "mp3", "bitrate": 321, "md5": "68b5ffe5dc347c2d2a95d8b2a0802853"}, {"id": 383730, "size": 4608043, "ext": "mp3", "bitrate": 321, "md5": "6cd34850d508f042b1b5f82ecf239688"}, {"id": 383727, "size": 3770035, "ext": "mp3", "bitrate": 321, "md5": "3fc3daf49695ab01049884ea505520e2"}, {"id": 383718, "size": 2645892, "ext": "mp3", "bitrate": 321, "md5": "e270d67ef74d4cc299c0dd9f20006a42"}, {"id": 414002818, "size": 24885975, "ext": "flac", "bitrate": 864, "md5": "6ebe65ad224abe4edee1fba2dd954d33"}, {"id": 382608, "size": 46252969, "ext": "flac", "bitrate": 1005, "md5": "715988d3cc8e4a062c162bb22b57c34d"}, {"id": 383349, "size": 24218975, "ext": "flac", "bitrate": 842, "md5": "c80c9562f244ff07b18807ab5a7a2fca"}]}