{"data": [{"id": 471965, "size": 10317302, "ext": "flac", "bitrate": 820, "md5": "c20c95ad5ac11ba7312e5c04a5dd4bad"}, {"id": 471951, "size": 7229060, "ext": "flac", "bitrate": 528, "md5": "6fbef928e61fafd3c96f08b2a0cbedb2"}, {"id": 471942, "size": 11115633, "ext": "flac", "bitrate": 537, "md5": "4e53a8a13f69fe136fda7a57237e89fb"}, {"id": 471939, "size": 5013150, "ext": "flac", "bitrate": 430, "md5": "a1a9554f1c35546df3f1e5535301ccc3"}, {"id": 471888, "size": 15929802, "ext": "flac", "bitrate": 756, "md5": "6c2bea06650ea9c7edde461068075e47"}, {"id": 471878, "size": 9326057, "ext": "flac", "bitrate": 619, "md5": "d51044ca0b27b9a43e1683656c42292f"}, {"id": 471873, "size": 10526250, "ext": "flac", "bitrate": 887, "md5": "4f978859cc810fed03bfed28cab5aa16"}, {"id": 471868, "size": 11021179, "ext": "flac", "bitrate": 825, "md5": "68a41ce256b027f598d65c7f573dc191"}, {"id": 471858, "size": 13634666, "ext": "flac", "bitrate": 873, "md5": "be1129068c3b3f261373837b46202e70"}, {"id": 471842, "size": 12145649, "ext": "flac", "bitrate": 973, "md5": "8d3b98cb1f7c1dcbcfa38d2eab281e3d"}, {"id": 471838, "size": 14783034, "ext": "flac", "bitrate": 850, "md5": "574742580961c9029ddbb145a171d819"}, {"id": 471834, "size": 13367579, "ext": "flac", "bitrate": 806, "md5": "0e506d9ff1ea47e6b13b2f17d8576084"}, {"id": 471830, "size": 9967482, "ext": "flac", "bitrate": 864, "md5": "03ca849983dbfa76d323f571ffe93876"}, {"id": 471820, "size": 6105316, "ext": "flac", "bitrate": 520, "md5": "8f9a74d8717031e0e22a0457beacbdfe"}, {"id": 471807, "size": 12425666, "ext": "flac", "bitrate": 752, "md5": "80bc97ff2cbfce00eef113ed83cef93a"}, {"id": 471803, "size": 11837124, "ext": "flac", "bitrate": 670, "md5": "d9f245a2a0df5a87bdf8b8087360be7e"}, {"id": 471799, "size": 10711064, "ext": "flac", "bitrate": 759, "md5": "6100c951255536e8a16069707548c178"}]}